"","first_name","n","name_lower"
"1","David",104,"david"
"2","John",89,"john"
"3","Paul",79,"paul"
"4","Chris",72,"chris"
"5","James",69,"james"
"6","Mark",67,"mark"
"7","Andrew",65,"andrew"
"8","Richard",56,"richard"
"9","Michael",49,"michael"
"10","Ian",44,"ian"
"11","Sarah",43,"sarah"
"12","Stephen",43,"stephen"
"13","Steve",42,"steve"
"14","Peter",41,"peter"
"15","Simon",38,"simon"
"16","Robert",37,"robert"
"17","Tom",35,"tom"
"18","Alex",30,"alex"
"19","Ben",30,"ben"
"20","Jonathan",30,"jonathan"
"21","Andy",26,"andy"
"22","Helen",26,"helen"
"23","Sam",26,"sam"
"24","Matthew",25,"matthew"
"25","Mike",25,"mike"
"26","Martin",24,"martin"
"27","Neil",23,"neil"
"28","Tony",23,"tony"
"29","Catherine",22,"catherine"
"30","Dan",22,"dan"
"31","Daniel",22,"daniel"
"32","Lee",22,"lee"
"33","Christopher",21,"christopher"
"34","Jack",21,"jack"
"35","Matt",21,"matt"
"36","Nick",21,"nick"
"37","Tim",21,"tim"
"38","Adam",20,"adam"
"39","Rachel",20,"rachel"
"40","Graham",19,"graham"
"41","Alan",18,"alan"
"42","Craig",18,"craig"
"43","Emma",18,"emma"
"44","Luke",18,"luke"
"45","Claire",17,"claire"
"46","Edward",17,"edward"
"47","Gary",17,"gary"
"48","Nigel",17,"nigel"
"49","Caroline",16,"caroline"
"50","Gareth",16,"gareth"
"51","Joe",16,"joe"
"52","Kate",16,"kate"
"53","Darren",15,"darren"
"54","Laura",15,"laura"
"55","Rebecca",15,"rebecca"
"56","Scott",15,"scott"
"57","Stuart",15,"stuart"
"58","Thomas",15,"thomas"
"59","Lucy",14,"lucy"
"60","Oliver",14,"oliver"
"61","Rob",14,"rob"
"62","Amanda",13,"amanda"
"63","Bill",13,"bill"
"64","Jane",13,"jane"
"65","Jason",13,"jason"
"66","Kevin",13,"kevin"
"67","Nicholas",13,"nicholas"
"68","Anna",12,"anna"
"69","Dave",12,"dave"
"70","George",12,"george"
"71","Hannah",12,"hannah"
"72","Jim",12,"jim"
"73","Josh",12,"josh"
"74","Julie",12,"julie"
"75","Keith",12,"keith"
"76","Mohammed",12,"mohammed"
"77","Ruth",12,"ruth"
"78","Sean",12,"sean"
"79","Barry",11,"barry"
"80","Elizabeth",11,"elizabeth"
"81","Jamie",11,"jamie"
"82","Jeremy",11,"jeremy"
"83","Jo",11,"jo"
"84","Julian",11,"julian"
"85","Louise",11,"louise"
"86","Niko",11,"niko"
"87","Brian",10,"brian"
"88","Charles",10,"charles"
"89","Colin",10,"colin"
"90","Danny",10,"danny"
"91","Karen",10,"karen"
"92","Philip",10,"philip"
"93","Ryan",10,"ryan"
"94","Alexander",9,"alexander"
"95","Alison",9,"alison"
"96","Angela",9,"angela"
"97","Anne",9,"anne"
"98","Anthony",9,"anthony"
"99","Bob",9,"bob"
"100","Charlie",9,"charlie"
"101","Ed",9,"ed"
"102","Guy",9,"guy"
"103","Henry",9,"henry"
"104","Jennifer",9,"jennifer"
"105","Liz",9,"liz"
"106","Maria",9,"maria"
"107","Pete",9,"pete"
"108","Phil",9,"phil"
"109","Roger",9,"roger"
"110","Will",9,"will"
"111","William",9,"william"
"112","Emily",8,"emily"
"113","Joanna",8,"joanna"
"114","Jon",8,"jon"
"115","Liam",8,"liam"
"116","Lisa",8,"lisa"
"117","Patrick",8,"patrick"
"118","Robin",8,"robin"
"119","Ross",8,"ross"
"120","Sally",8,"sally"
"121","Shaun",8,"shaun"
"122","Stewart",8,"stewart"
"123","Trevor",8,"trevor"
"124","Alastair",7,"alastair"
"125","Ashley",7,"ashley"
"126","Charlotte",7,"charlotte"
"127","Christine",7,"christine"
"128","Clare",7,"clare"
"129","Debbie",7,"debbie"
"130","Dominic",7,"dominic"
"131","Frank",7,"frank"
"132","Gavin",7,"gavin"
"133","Iain",7,"iain"
"134","Jacob",7,"jacob"
"135","Jake",7,"jake"
"136","Jeff",7,"jeff"
"137","Julia",7,"julia"
"138","Karl",7,"karl"
"139","Malcolm",7,"malcolm"
"140","Mary",7,"mary"
"141","Steven",7,"steven"
"142","Susan",7,"susan"
"143","Adrian",6,"adrian"
"144","Ann",6,"ann"
"145","Damian",6,"damian"
"146","Jan",6,"jan"
"147","Joshua",6,"joshua"
"148","Khalid",6,"khalid"
"149","Kieran",6,"kieran"
"150","Kim",6,"kim"
"151","Lauren",6,"lauren"
"152","Marcus",6,"marcus"
"153","Pippa",6,"pippa"
"154","Ray",6,"ray"
"155","Rosie",6,"rosie"
"156","Vicky",6,"vicky"
"157","Victoria",6,"victoria"
"158","Wendy",6,"wendy"
"159","Alistair",5,"alistair"
"160","Ash",5,"ash"
"161","Callum",5,"callum"
"162","Carl",5,"carl"
"163","Cat",5,"cat"
"164","Clive",5,"clive"
"165","Declan",5,"declan"
"166","Diana",5,"diana"
"167","Donald",5,"donald"
"168","Duncan",5,"duncan"
"169","Elaine",5,"elaine"
"170","Fiona",5,"fiona"
"171","Gordon",5,"gordon"
"172","Grant",5,"grant"
"173","Greg",5,"greg"
"174","Hamish",5,"hamish"
"175","Harry",5,"harry"
"176","Jessica",5,"jessica"
"177","Katherine",5,"katherine"
"178","Katie",5,"katie"
"179","Lesley",5,"lesley"
"180","Lewis",5,"lewis"
"181","Linda",5,"linda"
"182","Lorraine",5,"lorraine"
"183","Lynn",5,"lynn"
"184","Martyn",5,"martyn"
"185","Maureen",5,"maureen"
"186","Max",5,"max"
"187","Mel",5,"mel"
"188","Melanie",5,"melanie"
"189","Natalie",5,"natalie"
"190","Owen",5,"owen"
"191","Pat",5,"pat"
"192","Samuel",5,"samuel"
"193","Tommy",5,"tommy"
"194","Alec",4,"alec"
"195","Alexandra",4,"alexandra"
"196","Ali",4,"ali"
"197","Amy",4,"amy"
"198","Andrea",4,"andrea"
"199","Becca",4,"becca"
"200","Benjamin",4,"benjamin"
"201","Brandon",4,"brandon"
"202","Brendan",4,"brendan"
"203","Cameron",4,"cameron"
"204","Carol",4,"carol"
"205","Connor",4,"connor"
"206","Dawn",4,"dawn"
"207","Denise",4,"denise"
"208","Derek",4,"derek"
"209","Ellie",4,"ellie"
"210","Geoff",4,"geoff"
"211","Gill",4,"gill"
"212","Gillian",4,"gillian"
"213","Graeme",4,"graeme"
"214","Gregory",4,"gregory"
"215","Heather",4,"heather"
"216","Hilary",4,"hilary"
"217","Jayne",4,"jayne"
"218","Jess",4,"jess"
"219","Jill",4,"jill"
"220","Joseph",4,"joseph"
"221","Kelly",4,"kelly"
"222","Kerry",4,"kerry"
"223","Lorna",4,"lorna"
"224","Marc",4,"marc"
"225","Michelle",4,"michelle"
"226","Pamela",4,"pamela"
"227","Patricia",4,"patricia"
"228","Raj",4,"raj"
"229","Samantha",4,"samantha"
"230","Sandra",4,"sandra"
"231","Sara",4,"sara"
"232","Sophie",4,"sophie"
"233","Sue",4,"sue"
"234","Terence",4,"terence"
"235","Teresa",4,"teresa"
"236","Toby",4,"toby"
"237","Vanessa",4,"vanessa"
"238","Yvonne",4,"yvonne"
"239","Abdul",3,"abdul"
"240","Alice",3,"alice"
"241","Allan",3,"allan"
"242","Amelia",3,"amelia"
"243","Angie",3,"angie"
"244","Arnold",3,"arnold"
"245","Bernard",3,"bernard"
"246","Bradley",3,"bradley"
"247","Bridget",3,"bridget"
"248","Carla",3,"carla"
"249","Christian",3,"christian"
"250","Christina",3,"christina"
"251","Don",3,"don"
"252","Donna",3,"donna"
"253","Douglas",3,"douglas"
"254","Dylan",3,"dylan"
"255","Eddie",3,"eddie"
"256","Euan",3,"euan"
"257","Frances",3,"frances"
"258","Freddie",3,"freddie"
"259","Garry",3,"garry"
"260","Georgie",3,"georgie"
"261","Glen",3,"glen"
"262","Helena",3,"helena"
"263","Holly",3,"holly"
"264","Imran",3,"imran"
"265","Jackie",3,"jackie"
"266","Jade",3,"jade"
"267","Janet",3,"janet"
"268","Janice",3,"janice"
"269","Jay",3,"jay"
"270","Jenny",3,"jenny"
"271","Johnny",3,"johnny"
"272","Joy",3,"joy"
"273","Justin",3,"justin"
"274","Katharine",3,"katharine"
"275","Keir",3,"keir"
"276","Kenneth",3,"kenneth"
"277","Kirsty",3,"kirsty"
"278","Lara",3,"lara"
"279","Laurence",3,"laurence"
"280","Leigh",3,"leigh"
"281","Leo",3,"leo"
"282","Margaret",3,"margaret"
"283","Marie",3,"marie"
"284","Maxine",3,"maxine"
"285","Meg",3,"meg"
"286","Mick",3,"mick"
"287","Muhammad",3,"muhammad"
"288","Nadia",3,"nadia"
"289","Nancy",3,"nancy"
"290","Natasha",3,"natasha"
"291","Nathan",3,"nathan"
"292","Naz",3,"naz"
"293","Niall",3,"niall"
"294","Nicola",3,"nicola"
"295","Noel",3,"noel"
"296","Pauline",3,"pauline"
"297","Rachael",3,"rachael"
"298","Robbie",3,"robbie"
"299","Rowan",3,"rowan"
"300","Rupert",3,"rupert"
"301","Stefan",3,"stefan"
"302","Stephanie",3,"stephanie"
"303","Sunny",3,"sunny"
"304","Tahir",3,"tahir"
"305","Terry",3,"terry"
"306","Timothy",3,"timothy"
"307","Vicki",3,"vicki"
"308","Yasmin",3,"yasmin"
"309","Aaron",2,"aaron"
"310","Adnan",2,"adnan"
"311","Aftab",2,"aftab"
"312","Aisha",2,"aisha"
"313","Alix",2,"alix"
"314","Amin",2,"amin"
"315","Amir",2,"amir"
"316","Anand",2,"anand"
"317","Angus",2,"angus"
"318","Anita",2,"anita"
"319","Anne-Marie",2,"anne-marie"
"320","Anneliese",2,"anneliese"
"321","Annie",2,"annie"
"322","Antonio",2,"antonio"
"323","Antony",2,"antony"
"324","Arthur",2,"arthur"
"325","Ashton",2,"ashton"
"326","Asif",2,"asif"
"327","Becky",2,"becky"
"328","Bev",2,"bev"
"329","Billy",2,"billy"
"330","Bobby",2,"bobby"
"331","Brent",2,"brent"
"332","Brett",2,"brett"
"333","Caitlin",2,"caitlin"
"334","Cara",2,"cara"
"335","Carolyn",2,"carolyn"
"336","Catrin",2,"catrin"
"337","Celia",2,"celia"
"338","Chandra",2,"chandra"
"339","Christie",2,"christie"
"340","Conor",2,"conor"
"341","Conrad",2,"conrad"
"342","Damien",2,"damien"
"343","Danielle",2,"danielle"
"344","Darryl",2,"darryl"
"345","Dean",2,"dean"
"346","Deborah",2,"deborah"
"347","Deirdre",2,"deirdre"
"348","Desmond",2,"desmond"
"349","Diane",2,"diane"
"350","Doug",2,"doug"
"351","Drew",2,"drew"
"352","Earl",2,"earl"
"353","Edmund",2,"edmund"
"354","Edwin",2,"edwin"
"355","Eleanor",2,"eleanor"
"356","Elliot",2,"elliot"
"357","Elwyn",2,"elwyn"
"358","Eric",2,"eric"
"359","Erin",2,"erin"
"360","Esther",2,"esther"
"361","Ethan",2,"ethan"
"362","Eva",2,"eva"
"363","Eóin",2,"eóin"
"364","Fay",2,"fay"
"365","Felix",2,"felix"
"366","Fionna",2,"fionna"
"367","Francis",2,"francis"
"368","Fraser",2,"fraser"
"369","Gemma",2,"gemma"
"370","Geoffrey",2,"geoffrey"
"371","Georgia",2,"georgia"
"372","Georgina",2,"georgina"
"373","Gerald",2,"gerald"
"374","Gerry",2,"gerry"
"375","Gina",2,"gina"
"376","Gita",2,"gita"
"377","Glenn",2,"glenn"
"378","Gloria",2,"gloria"
"379","Golam",2,"golam"
"380","Grahame",2,"grahame"
"381","Hal",2,"hal"
"382","Hanif",2,"hanif"
"383","Harriet",2,"harriet"
"384","Hazel",2,"hazel"
"385","Howard",2,"howard"
"386","Hugo",2,"hugo"
"387","Imogen",2,"imogen"
"388","Irene",2,"irene"
"389","Iris",2,"iris"
"390","Isobel",2,"isobel"
"391","Izzy",2,"izzy"
"392","Jacqueline",2,"jacqueline"
"393","Jai",2,"jai"
"394","Jas",2,"jas"
"395","Jean",2,"jean"
"396","Jemma",2,"jemma"
"397","Jen",2,"jen"
"398","Joel",2,"joel"
"399","Jordan",2,"jordan"
"400","Judith",2,"judith"
"401","Judy",2,"judy"
"402","June",2,"june"
"403","Kathleen",2,"kathleen"
"404","Kathryn",2,"kathryn"
"405","Kay",2,"kay"
"406","Kayleigh",2,"kayleigh"
"407","Ken",2,"ken"
"408","Kenny",2,"kenny"
"409","Khalil",2,"khalil"
"410","Kiera",2,"kiera"
"411","Kieron",2,"kieron"
"412","Kris",2,"kris"
"413","Kyle",2,"kyle"
"414","Lawrence",2,"lawrence"
"415","Leanne",2,"leanne"
"416","Leon",2,"leon"
"417","Les",2,"les"
"418","Lindsay",2,"lindsay"
"419","Lizzie",2,"lizzie"
"420","Lois",2,"lois"
"421","Louie",2,"louie"
"422","Lyn",2,"lyn"
"423","Lynda",2,"lynda"
"424","Mad",2,"mad"
"425","Maggie",2,"maggie"
"426","Mags",2,"mags"
"427","Marianne",2,"marianne"
"428","Mathew",2,"mathew"
"429","Maya",2,"maya"
"430","Mohamed",2,"mohamed"
"431","Mohammad",2,"mohammad"
"432","Mona",2,"mona"
"433","Monica",2,"monica"
"434","Morag",2,"morag"
"435","Muhammed",2,"muhammed"
"436","Naveed",2,"naveed"
"437","Nic",2,"nic"
"438","Nikki",2,"nikki"
"439","Norman",2,"norman"
"440","Olivia",2,"olivia"
"441","Olly",2,"olly"
"442","Oscar",2,"oscar"
"443","Paula",2,"paula"
"444","Penelope",2,"penelope"
"445","Penny",2,"penny"
"446","Phillip",2,"phillip"
"447","Phoebe",2,"phoebe"
"448","Qasim",2,"qasim"
"449","Raymond",2,"raymond"
"450","Reggie",2,"reggie"
"451","Rhys",2,"rhys"
"452","Rich",2,"rich"
"453","Rod",2,"rod"
"454","Ron",2,"ron"
"455","Rowena",2,"rowena"
"456","Roy",2,"roy"
"457","Russ",2,"russ"
"458","Sadik",2,"sadik"
"459","Sammy",2,"sammy"
"460","Sasha",2,"sasha"
"461","Seamus",2,"seamus"
"462","Sebastian",2,"sebastian"
"463","Shane",2,"shane"
"464","Sharon",2,"sharon"
"465","Sheila",2,"sheila"
"466","Shona",2,"shona"
"467","Siobhan",2,"siobhan"
"468","Sonia",2,"sonia"
"469","Sophia",2,"sophia"
"470","Stella",2,"stella"
"471","Suzanne",2,"suzanne"
"472","Syed",2,"syed"
"473","Tessa",2,"tessa"
"474","Theo",2,"theo"
"475","Thérèse",2,"thérèse"
"476","Tomos",2,"tomos"
"477","Toni",2,"toni"
"478","Tracey",2,"tracey"
"479","Tracy",2,"tracy"
"480","Tristan",2,"tristan"
"481","Valerie",2,"valerie"
"482","Victor",2,"victor"
"483","Vikas",2,"vikas"
"484","Waqas",2,"waqas"
"485","Wayne",2,"wayne"
"486","Wesley",2,"wesley"
"487","Zahid",2,"zahid"
"488","Zoe",2,"zoe"
"489","A.",1,"a."
"490","A.N.ON",1,"a.n.on"
"491","AI",1,"ai"
"492","Aadil",1,"aadil"
"493","Aarti",1,"aarti"
"494","Aasha",1,"aasha"
"495","Aasiya",1,"aasiya"
"496","Abbas",1,"abbas"
"497","Abdoul",1,"abdoul"
"498","Abdulla",1,"abdulla"
"499","Abena",1,"abena"
"500","Abi",1,"abi"
"501","Abigail",1,"abigail"
"502","Abtisam",1,"abtisam"
"503","Abul",1,"abul"
"504","Ade",1,"ade"
"505","Adedotun",1,"adedotun"
"506","Adele",1,"adele"
"507","Adie",1,"adie"
"508","Adria",1,"adria"
"509","Afzal",1,"afzal"
"510","Aheesha",1,"aheesha"
"511","Ahmed",1,"ahmed"
"512","Ahmet",1,"ahmet"
"513","Ahsan",1,"ahsan"
"514","Aidan",1,"aidan"
"515","Aishat",1,"aishat"
"516","Ajaz",1,"ajaz"
"517","Ajmal",1,"ajmal"
"518","Akeel",1,"akeel"
"519","Akhlaque",1,"akhlaque"
"520","Akhmed",1,"akhmed"
"521","Akshay",1,"akshay"
"522","Al",1,"al"
"523","Alasdair",1,"alasdair"
"524","Albati",1,"albati"
"525","Alberto",1,"alberto"
"526","Aled",1,"aled"
"527","Alexi",1,"alexi"
"528","Alfred",1,"alfred"
"529","AliRom",1,"alirom"
"530","Alicia",1,"alicia"
"531","Alixandra",1,"alixandra"
"532","Allison",1,"allison"
"533","Allister",1,"allister"
"534","Altaf",1,"altaf"
"535","Alun",1,"alun"
"536","Alyn",1,"alyn"
"537","Ameet",1,"ameet"
"538","Amer",1,"amer"
"539","Amie",1,"amie"
"540","Amjad",1,"amjad"
"541","Ammar",1,"ammar"
"542","Ammi",1,"ammi"
"543","Amrit",1,"amrit"
"544","Andre",1,"andre"
"545","Andrei",1,"andrei"
"546","Ange",1,"ange"
"547","Angeliki",1,"angeliki"
"548","Ani",1,"ani"
"549","Anil",1,"anil"
"550","Anja",1,"anja"
"551","Anna-Maria",1,"anna-maria"
"552","Annaliese",1,"annaliese"
"553","Annette",1,"annette"
"554","Anni",1,"anni"
"555","Antoinette",1,"antoinette"
"556","Antonia",1,"antonia"
"557","Anum",1,"anum"
"558","Anwarul",1,"anwarul"
"559","Aphra",1,"aphra"
"560","April",1,"april"
"561","Apsana",1,"apsana"
"562","Archibald",1,"archibald"
"563","Arnie",1,"arnie"
"564","Aroma",1,"aroma"
"565","Arran",1,"arran"
"566","Arron",1,"arron"
"567","Aruhan",1,"aruhan"
"568","Asa",1,"asa"
"569","Asha",1,"asha"
"570","Ashvir",1,"ashvir"
"571","Athar",1,"athar"
"572","Athol",1,"athol"
"573","Atif",1,"atif"
"574","Attic",1,"attic"
"575","Attiq",1,"attiq"
"576","Aubrey",1,"aubrey"
"577","Audel",1,"audel"
"578","Augustine",1,"augustine"
"579","Austin",1,"austin"
"580","Ayesha",1,"ayesha"
"581","Ayoub",1,"ayoub"
"582","Aysha",1,"aysha"
"583","Azhar",1,"azhar"
"584","Azmat",1,"azmat"
"585","Babar",1,"babar"
"586","Baggy",1,"baggy"
"587","Bambos",1,"bambos"
"588","Barbara",1,"barbara"
"589","Barmy",1,"barmy"
"590","Barney",1,"barney"
"591","Baron",1,"baron"
"592","Bart",1,"bart"
"593","Bastôn",1,"bastôn"
"594","Bayo",1,"bayo"
"595","Baz",1,"baz"
"596","Beatrice",1,"beatrice"
"597","Beccy",1,"beccy"
"598","Bell",1,"bell"
"599","Bella",1,"bella"
"600","Benedict",1,"benedict"
"601","Benet",1,"benet"
"602","Bernadette",1,"bernadette"
"603","Beth",1,"beth"
"604","Bex",1,"bex"
"605","Bharatkumar",1,"bharatkumar"
"606","Bianca",1,"bianca"
"607","Bim",1,"bim"
"608","Binka",1,"binka"
"609","Blair",1,"blair"
"610","Blaise",1,"blaise"
"611","Blake",1,"blake"
"612","Brad",1,"brad"
"613","Brenda",1,"brenda"
"614","Brenden",1,"brenden"
"615","Bret",1,"bret"
"616","Brook",1,"brook"
"617","Bruce",1,"bruce"
"618","Byron",1,"byron"
"619","Cade",1,"cade"
"620","Cadewyn",1,"cadewyn"
"621","Cahal",1,"cahal"
"622","Caitriona",1,"caitriona"
"623","Calum",1,"calum"
"624","Calvin",1,"calvin"
"625","Cam",1,"cam"
"626","Candice",1,"candice"
"627","Carissma",1,"carissma"
"628","Carline",1,"carline"
"629","Carlo",1,"carlo"
"630","Carne",1,"carne"
"631","Carolyne",1,"carolyne"
"632","Carolynn",1,"carolynn"
"633","Caron",1,"caron"
"634","Cas",1,"cas"
"635","Cassi",1,"cassi"
"636","Cassie",1,"cassie"
"637","Cate",1,"cate"
"638","Cath",1,"cath"
"639","Cathal",1,"cathal"
"640","Cathy",1,"cathy"
"641","Caz",1,"caz"
"642","Chan",1,"chan"
"643","Chantal",1,"chantal"
"644","Charith",1,"charith"
"645","Charley",1,"charley"
"646","Charmaine",1,"charmaine"
"647","Chas",1,"chas"
"648","Chaz",1,"chaz"
"649","Chelsea",1,"chelsea"
"650","Chelsey",1,"chelsey"
"651","Cheney",1,"cheney"
"652","Cherilyn",1,"cherilyn"
"653","Cheryl",1,"cheryl"
"654","Cheryl-Ann",1,"cheryl-ann"
"655","Chi",1,"chi"
"656","Chika",1,"chika"
"657","Chipiliro",1,"chipiliro"
"658","Chloe",1,"chloe"
"659","Chloe-Jane",1,"chloe-jane"
"660","Chloe-Louise",1,"chloe-louise"
"661","Chrishni",1,"chrishni"
"662","Ciaran",1,"ciaran"
"663","Citizen",1,"citizen"
"664","Clareine",1,"clareine"
"665","Claudia",1,"claudia"
"666","Clayton",1,"clayton"
"667","Cliff",1,"cliff"
"668","Cole",1,"cole"
"669","Colette",1,"colette"
"670","Collan",1,"collan"
"671","Colum",1,"colum"
"672","Cordelia",1,"cordelia"
"673","Corinthia",1,"corinthia"
"674","Corri",1,"corri"
"675","Count",1,"count"
"676","Cris",1,"cris"
"677","Crispian",1,"crispian"
"678","Dafydd",1,"dafydd"
"679","Dai",1,"dai"
"680","Daisy",1,"daisy"
"681","Dale",1,"dale"
"682","Damola",1,"damola"
"683","Damon",1,"damon"
"684","Danni",1,"danni"
"685","Danuta",1,"danuta"
"686","Darshan",1,"darshan"
"687","Daud",1,"daud"
"688","Davinder",1,"davinder"
"689","Dawud",1,"dawud"
"690","Deanna",1,"deanna"
"691","Debojyoti",1,"debojyoti"
"692","Debra",1,"debra"
"693","Dee",1,"dee"
"694","Deidre",1,"deidre"
"695","Denis",1,"denis"
"696","Dennis",1,"dennis"
"697","Des",1,"des"
"698","Desi",1,"desi"
"699","Devenne",1,"devenne"
"700","Devina",1,"devina"
"701","Dharmanand",1,"dharmanand"
"702","Dhruv",1,"dhruv"
"703","Dhruva",1,"dhruva"
"704","Dick",1,"dick"
"705","Dickie",1,"dickie"
"706","Dillan",1,"dillan"
"707","Dine",1,"dine"
"708","Dino",1,"dino"
"709","Dionne",1,"dionne"
"710","Dipesh",1,"dipesh"
"711","Dom",1,"dom"
"712","Dominick",1,"dominick"
"713","Dominie",1,"dominie"
"714","Donal",1,"donal"
"715","Donnie",1,"donnie"
"716","Draeyk",1,"draeyk"
"717","Drummond",1,"drummond"
"718","Dáire",1,"dáire"
"719","Déirdre",1,"déirdre"
"720","Ehtashamul",1,"ehtashamul"
"721","Eishar",1,"eishar"
"722","Ejel",1,"ejel"
"723","Ekua",1,"ekua"
"724","Ellen",1,"ellen"
"725","Elliott",1,"elliott"
"726","Ellis",1,"ellis"
"727","Elsie",1,"elsie"
"728","Emma-Jane",1,"emma-jane"
"729","Emmett",1,"emmett"
"730","Emmie",1,"emmie"
"731","Emperor",1,"emperor"
"732","Eraj",1,"eraj"
"733","Erik",1,"erik"
"734","Ertan",1,"ertan"
"735","Ese",1,"ese"
"736","Esme",1,"esme"
"737","Eugene",1,"eugene"
"738","Eunice",1,"eunice"
"739","Evelyn",1,"evelyn"
"740","Ewan",1,"ewan"
"741","Ezechiel",1,"ezechiel"
"742","Fabian",1,"fabian"
"743","Fabio",1,"fabio"
"744","Faisal",1,"faisal"
"745","Faiza",1,"faiza"
"746","Faraz",1,"faraz"
"747","Farooq",1,"farooq"
"748","Farzana",1,"farzana"
"749","Faten",1,"faten"
"750","Faye",1,"faye"
"751","Felicity",1,"felicity"
"752","Fennie",1,"fennie"
"753","Fergal",1,"fergal"
"754","Feryal",1,"feryal"
"755","Fesl",1,"fesl"
"756","Filson",1,"filson"
"757","Fleur",1,"fleur"
"758","Flick",1,"flick"
"759","Flo",1,"flo"
"760","Florence",1,"florence"
"761","Francesca",1,"francesca"
"762","Franck",1,"franck"
"763","Francoise",1,"francoise"
"764","Fred",1,"fred"
"765","Frederick",1,"frederick"
"766","Freya",1,"freya"
"767","Gabrielle",1,"gabrielle"
"768","Gagan",1,"gagan"
"769","Gail",1,"gail"
"770","Garreth",1,"garreth"
"771","Gayathri",1,"gayathri"
"772","Ged",1,"ged"
"773","Gemma-Jane",1,"gemma-jane"
"774","Gen",1,"gen"
"775","Geraldine",1,"geraldine"
"776","Gerard",1,"gerard"
"777","Gerri",1,"gerri"
"778","Gez",1,"gez"
"779","Ghazi",1,"ghazi"
"780","Giane",1,"giane"
"781","Gideon",1,"gideon"
"782","Giles",1,"giles"
"783","Giovanna",1,"giovanna"
"784","Giuseppe",1,"giuseppe"
"785","Glyn",1,"glyn"
"786","Gregor",1,"gregor"
"787","Grumpus",1,"grumpus"
"788","Gulvinder",1,"gulvinder"
"789","Gurinder",1,"gurinder"
"790","Gurpreet",1,"gurpreet"
"791","Gus",1,"gus"
"792","Gwen",1,"gwen"
"793","Gwenton",1,"gwenton"
"794","Gwyn",1,"gwyn"
"795","Habib",1,"habib"
"796","Hajira",1,"hajira"
"797","Halima",1,"halima"
"798","Hamilton",1,"hamilton"
"799","Hanna",1,"hanna"
"800","Hans",1,"hans"
"801","Harbant",1,"harbant"
"802","Hari",1,"hari"
"803","Harl",1,"harl"
"804","Haroun",1,"haroun"
"805","Harpreet",1,"harpreet"
"806","Harriett",1,"harriett"
"807","Harrison",1,"harrison"
"808","Hassan",1,"hassan"
"809","Hayley",1,"hayley"
"810","Heidi",1,"heidi"
"811","Heiko",1,"heiko"
"812","Helmi",1,"helmi"
"813","Hema",1,"hema"
"814","Hersh",1,"hersh"
"815","Hillary",1,"hillary"
"816","Hina",1,"hina"
"817","Holly-Mae",1,"holly-mae"
"818","Hoo-Ray",1,"hoo-ray"
"819","Horatio",1,"horatio"
"820","Howling",1,"howling"
"821","Hoz",1,"hoz"
"822","Huge",1,"huge"
"823","Iconic",1,"iconic"
"824","Iddrisu",1,"iddrisu"
"825","Ieuan",1,"ieuan"
"826","Iftikhar",1,"iftikhar"
"827","Imad",1,"imad"
"828","Imtiaz",1,"imtiaz"
"829","Ioan",1,"ioan"
"830","Iolo",1,"iolo"
"831","Iqbal",1,"iqbal"
"832","Irakli",1,"irakli"
"833","Irenea",1,"irenea"
"834","Irfan",1,"irfan"
"835","Irwen",1,"irwen"
"836","Isaac",1,"isaac"
"837","Isabel",1,"isabel"
"838","Isabella",1,"isabella"
"839","Isabelle",1,"isabelle"
"840","Ishtiaq",1,"ishtiaq"
"841","Issan",1,"issan"
"842","Issy",1,"issy"
"843","Ivan",1,"ivan"
"844","Ivana",1,"ivana"
"845","Jabu",1,"jabu"
"846","Jackson",1,"jackson"
"847","Jacqui",1,"jacqui"
"848","Jag",1,"jag"
"849","Jaginder",1,"jaginder"
"850","Jahir",1,"jahir"
"851","Jamal",1,"jamal"
"852","Jamie-Lee",1,"jamie-lee"
"853","Jamila",1,"jamila"
"854","Janey",1,"janey"
"855","Janus",1,"janus"
"856","Jaswinder",1,"jaswinder"
"857","Javed",1,"javed"
"858","Javeria",1,"javeria"
"859","Jeannine",1,"jeannine"
"860","Jed",1,"jed"
"861","Jeevun",1,"jeevun"
"862","Jeffrey",1,"jeffrey"
"863","Jehad",1,"jehad"
"864","Jenifer",1,"jenifer"
"865","Jenner",1,"jenner"
"866","Jerome",1,"jerome"
"867","Jerry",1,"jerry"
"868","Jesse",1,"jesse"
"869","Jessie",1,"jessie"
"870","Jilleane",1,"jilleane"
"871","Joan",1,"joan"
"872","Joani",1,"joani"
"873","Joanne",1,"joanne"
"874","Job",1,"job"
"875","Jodie",1,"jodie"
"876","Jody",1,"jody"
"877","Johanna",1,"johanna"
"878","Johnathan",1,"johnathan"
"879","Johno",1,"johno"
"880","Jonathon",1,"jonathon"
"881","Jonny",1,"jonny"
"882","Josiah",1,"josiah"
"883","Josie",1,"josie"
"884","Jovan",1,"jovan"
"885","Ju",1,"ju"
"886","Juliet",1,"juliet"
"887","Justine",1,"justine"
"888","Kabeer",1,"kabeer"
"889","Kaine",1,"kaine"
"890","Kamala",1,"kamala"
"891","Kamel",1,"kamel"
"892","Kamla",1,"kamla"
"893","Kamran",1,"kamran"
"894","Kane",1,"kane"
"895","Kanishka",1,"kanishka"
"896","Karin",1,"karin"
"897","Kashif",1,"kashif"
"898","Kathrine",1,"kathrine"
"899","Kathy",1,"kathy"
"900","Katrina",1,"katrina"
"901","Katy",1,"katy"
"902","Kayode",1,"kayode"
"903","Kaz",1,"kaz"
"904","Kefentse",1,"kefentse"
"905","Keiron",1,"keiron"
"906","Kelda",1,"kelda"
"907","Kellie-Jay",1,"kellie-jay"
"908","Kelvin",1,"kelvin"
"909","Kemi",1,"kemi"
"910","Ketankumar",1,"ketankumar"
"911","Kevan",1,"kevan"
"912","Khalila",1,"khalila"
"913","Khandu",1,"khandu"
"914","Khobi",1,"khobi"
"915","Kieren",1,"kieren"
"916","King",1,"king"
"917","Kiran",1,"kiran"
"918","Kirith",1,"kirith"
"919","Kirsteen",1,"kirsteen"
"920","Kirsten",1,"kirsten"
"921","Kit",1,"kit"
"922","Knigel",1,"knigel"
"923","Kombat",1,"kombat"
"924","Korin",1,"korin"
"925","Kristy",1,"kristy"
"926","Kuldev",1,"kuldev"
"927","Kulsum",1,"kulsum"
"928","Kwaku",1,"kwaku"
"929","Kyn",1,"kyn"
"930","Lady",1,"lady"
"931","Lalit",1,"lalit"
"932","Lance",1,"lance"
"933","Larry",1,"larry"
"934","Lars",1,"lars"
"935","Laura-Beth",1,"laura-beth"
"936","Laura-Louise",1,"laura-louise"
"937","Laurent",1,"laurent"
"938","Laurie",1,"laurie"
"939","Layla",1,"layla"
"940","Leena",1,"leena"
"941","Leila",1,"leila"
"942","Lenny",1,"lenny"
"943","Leslie",1,"leslie"
"944","Lester",1,"lester"
"945","Lex",1,"lex"
"946","Leyla",1,"leyla"
"947","Leza",1,"leza"
"948","Lia",1,"lia"
"949","Lilian",1,"lilian"
"950","Lillian",1,"lillian"
"951","Lincoln",1,"lincoln"
"952","Linsey",1,"linsey"
"953","Lionel",1,"lionel"
"954","Lizzi",1,"lizzi"
"955","Llinos",1,"llinos"
"956","Lloyd",1,"lloyd"
"957","Lola",1,"lola"
"958","Lorenzo",1,"lorenzo"
"959","Louis",1,"louis"
"960","Lucas",1,"lucas"
"961","Lucian",1,"lucian"
"962","Luigi",1,"luigi"
"963","Lynden",1,"lynden"
"964","Lynne",1,"lynne"
"965","Maahwish",1,"maahwish"
"966","Maciej",1,"maciej"
"967","Maddison",1,"maddison"
"968","Magdaline",1,"magdaline"
"969","Mahtab",1,"mahtab"
"970","Mal",1,"mal"
"971","Malachy",1,"malachy"
"972","Malihah",1,"malihah"
"973","Mamun",1,"mamun"
"974","Manda",1,"manda"
"975","Mandy",1,"mandy"
"976","Manny",1,"manny"
"977","Manu",1,"manu"
"978","Manuela",1,"manuela"
"979","Maqsood",1,"maqsood"
"980","Marco",1,"marco"
"981","Marian",1,"marian"
"982","Marianna",1,"marianna"
"983","Mariatu",1,"mariatu"
"984","Marie-Clair",1,"marie-clair"
"985","Marilyn",1,"marilyn"
"986","Marion",1,"marion"
"987","Marisa",1,"marisa"
"988","Markus",1,"markus"
"989","Marsha",1,"marsha"
"990","Martha",1,"martha"
"991","Maryse",1,"maryse"
"992","Mattie",1,"mattie"
"993","Matty",1,"matty"
"994","Maurice",1,"maurice"
"995","Maxwell",1,"maxwell"
"996","Mayuran",1,"mayuran"
"997","Mehmood",1,"mehmood"
"998","Mehmoona",1,"mehmoona"
"999","Mehreen",1,"mehreen"
"1000","Merv",1,"merv"
"1001","Mhairi",1,"mhairi"
"1002","Mian",1,"mian"
"1003","Miatta",1,"miatta"
"1004","Michal",1,"michal"
"1005","Miles",1,"miles"
"1006","Mims",1,"mims"
"1007","Minhajul",1,"minhajul"
"1008","Miranda",1,"miranda"
"1009","Miriam",1,"miriam"
"1010","Mitchell",1,"mitchell"
"1011","Mocky",1,"mocky"
"1012","Mohhamed",1,"mohhamed"
"1013","Moira",1,"moira"
"1014","Momtaz",1,"momtaz"
"1015","Moni",1,"moni"
"1016","Monty",1,"monty"
"1017","Morgan",1,"morgan"
"1018","Morven",1,"morven"
"1019","Moui-Tabrizy",1,"moui-tabrizy"
"1020","Munira",1,"munira"
"1021","Muryam",1,"muryam"
"1022","Mustafa",1,"mustafa"
"1023","Mustaque",1,"mustaque"
"1024","Muzafar",1,"muzafar"
"1025","Mykel",1,"mykel"
"1026","Myles",1,"myles"
"1027","Nada",1,"nada"
"1028","Nagarjun",1,"nagarjun"
"1029","Nagbea",1,"nagbea"
"1030","Nagender",1,"nagender"
"1031","Nahim",1,"nahim"
"1032","Najmul",1,"najmul"
"1033","Nanda",1,"nanda"
"1034","Nandita",1,"nandita"
"1035","Naomi",1,"naomi"
"1036","Naranee",1,"naranee"
"1037","Nariese",1,"nariese"
"1038","Narinder",1,"narinder"
"1039","Nasri",1,"nasri"
"1040","Natalia",1,"natalia"
"1041","Nataly",1,"nataly"
"1042","Nathalie",1,"nathalie"
"1043","Naushabah",1,"naushabah"
"1044","Navdeep",1,"navdeep"
"1045","Navendu",1,"navendu"
"1046","Navid",1,"navid"
"1047","Neale",1,"neale"
"1048","Neena",1,"neena"
"1049","Neill",1,"neill"
"1050","Nesil",1,"nesil"
"1051","Netty",1,"netty"
"1052","Neville",1,"neville"
"1053","Nia",1,"nia"
"1054","Niamh",1,"niamh"
"1055","Nicky",1,"nicky"
"1056","Nida",1,"nida"
"1057","Niel",1,"niel"
"1058","Nimal",1,"nimal"
"1059","Nisar",1,"nisar"
"1060","Nizam",1,"nizam"
"1061","Noah",1,"noah"
"1062","Noor",1,"noor"
"1063","Nora",1,"nora"
"1064","Nuala",1,"nuala"
"1065","Nupur",1,"nupur"
"1066","Nurul",1,"nurul"
"1067","Nus",1,"nus"
"1068","Oana",1,"oana"
"1069","Obi",1,"obi"
"1070","Olivio",1,"olivio"
"1071","Olli",1,"olli"
"1072","Ollie",1,"ollie"
"1073","Olusola",1,"olusola"
"1074","Omar",1,"omar"
"1075","Onike",1,"onike"
"1076","Osman",1,"osman"
"1077","Otto",1,"otto"
"1078","Owain",1,"owain"
"1079","Owais",1,"owais"
"1080","Oyebola",1,"oyebola"
"1081","Paco",1,"paco"
"1082","Padraic",1,"padraic"
"1083","Pallavi",1,"pallavi"
"1084","Pam",1,"pam"
"1085","Paras",1,"paras"
"1086","Parham",1,"parham"
"1087","Parmjit",1,"parmjit"
"1088","Paulette",1,"paulette"
"1089","Pavitar",1,"pavitar"
"1090","Pedro",1,"pedro"
"1091","Peggy",1,"peggy"
"1092","Pelé",1,"pelé"
"1093","Perran",1,"perran"
"1094","Perveen",1,"perveen"
"1095","Petra",1,"petra"
"1096","Philippa",1,"philippa"
"1097","Pierce",1,"pierce"
"1098","Piers",1,"piers"
"1099","Pinder",1,"pinder"
"1100","Polly",1,"polly"
"1101","Poppy",1,"poppy"
"1102","Prabhdeep",1,"prabhdeep"
"1103","Prad",1,"prad"
"1104","Praful",1,"praful"
"1105","Preet",1,"preet"
"1106","Primesh",1,"primesh"
"1107","Priti",1,"priti"
"1108","Priyank",1,"priyank"
"1109","Psychobilly",1,"psychobilly"
"1110","Qazi",1,"qazi"
"1111","RJ",1,"rj"
"1112","Rabina",1,"rabina"
"1113","Rahoul",1,"rahoul"
"1114","Raja",1,"raja"
"1115","Rajesh",1,"rajesh"
"1116","Rajiv",1,"rajiv"
"1117","Ralph",1,"ralph"
"1118","Ranil",1,"ranil"
"1119","Ravaldeep",1,"ravaldeep"
"1120","Ravi",1,"ravi"
"1121","Rayyan",1,"rayyan"
"1122","Reetendra",1,"reetendra"
"1123","Reginald",1,"reginald"
"1124","Rehiana",1,"rehiana"
"1125","Rehman",1,"rehman"
"1126","Reva",1,"reva"
"1127","Reza",1,"reza"
"1128","Rhea",1,"rhea"
"1129","Rhiannon",1,"rhiannon"
"1130","Rhodri",1,"rhodri"
"1131","Ria",1,"ria"
"1132","Riad",1,"riad"
"1133","Rio",1,"rio"
"1134","Rishi",1,"rishi"
"1135","Rizvi",1,"rizvi"
"1136","Rizwana",1,"rizwana"
"1137","Roberto",1,"roberto"
"1138","Robyn",1,"robyn"
"1139","Rochelle",1,"rochelle"
"1140","Roderick",1,"roderick"
"1141","Rodney",1,"rodney"
"1142","Roh",1,"roh"
"1143","Roisin",1,"roisin"
"1144","Ronnie",1,"ronnie"
"1145","Rory",1,"rory"
"1146","Rosalind",1,"rosalind"
"1147","Rosalinda",1,"rosalinda"
"1148","Rose",1,"rose"
"1149","Rosemary",1,"rosemary"
"1150","Rosena",1,"rosena"
"1151","Rosey",1,"rosey"
"1152","Rowland",1,"rowland"
"1153","Roxanne",1,"roxanne"
"1154","Roz",1,"roz"
"1155","Ruairi",1,"ruairi"
"1156","Ruby",1,"ruby"
"1157","Rufia",1,"rufia"
"1158","Rumi",1,"rumi"
"1159","Rupa",1,"rupa"
"1160","Ruraidh",1,"ruraidh"
"1161","Rushanara",1,"rushanara"
"1162","Ryk",1,"ryk"
"1163","Ráichéal",1,"ráichéal"
"1164","Saba",1,"saba"
"1165","Sabah",1,"sabah"
"1166","Sabeena",1,"sabeena"
"1167","Sabi",1,"sabi"
"1168","Sabira",1,"sabira"
"1169","Sadat",1,"sadat"
"1170","Saiham",1,"saiham"
"1171","Saj",1,"saj"
"1172","Sally-Ann",1,"sally-ann"
"1173","Sameera",1,"sameera"
"1174","Samia",1,"samia"
"1175","Samsuzzaman",1,"samsuzzaman"
"1176","Sandesh",1,"sandesh"
"1177","Sandy",1,"sandy"
"1178","Sangeet",1,"sangeet"
"1179","Sanjana",1,"sanjana"
"1180","Saqib",1,"saqib"
"1181","Sarajulhaq",1,"sarajulhaq"
"1182","Sasjkia",1,"sasjkia"
"1183","Saskia",1,"saskia"
"1184","Satbir",1,"satbir"
"1185","Sathish",1,"sathish"
"1186","Satvir",1,"satvir"
"1187","Sayeed",1,"sayeed"
"1188","Scarlett",1,"scarlett"
"1189","Seema",1,"seema"
"1190","Selaine",1,"selaine"
"1191","Senthil",1,"senthil"
"1192","Seonaid",1,"seonaid"
"1193","Serena",1,"serena"
"1194","Seyi",1,"seyi"
"1195","Shabana",1,"shabana"
"1196","Shafaei",1,"shafaei"
"1197","Shafat",1,"shafat"
"1198","Shaffaq",1,"shaffaq"
"1199","Shaghofta",1,"shaghofta"
"1200","Shailesh",1,"shailesh"
"1201","Shakeel",1,"shakeel"
"1202","Shakeela",1,"shakeela"
"1203","Shakir",1,"shakir"
"1204","Sham",1,"sham"
"1205","Shama",1,"shama"
"1206","Shan",1,"shan"
"1207","Shanaz",1,"shanaz"
"1208","Shanell",1,"shanell"
"1209","Shangara",1,"shangara"
"1210","Shannon",1,"shannon"
"1211","Sharifah",1,"sharifah"
"1212","Sharmen",1,"sharmen"
"1213","Shasha",1,"shasha"
"1214","Shaukat",1,"shaukat"
"1215","Shaz",1,"shaz"
"1216","Shazna",1,"shazna"
"1217","Shazu",1,"shazu"
"1218","Sheikh",1,"sheikh"
"1219","Sheridan",1,"sheridan"
"1220","Sherief",1,"sherief"
"1221","Sherrie",1,"sherrie"
"1222","Sheryll",1,"sheryll"
"1223","Shesh",1,"shesh"
"1224","Shivani",1,"shivani"
"1225","Shockat",1,"shockat"
"1226","Shâo-Lan",1,"shâo-lan"
"1227","Si",1,"si"
"1228","Sian",1,"sian"
"1229","Sid",1,"sid"
"1230","Sidney",1,"sidney"
"1231","Signe",1,"signe"
"1232","Simita",1,"simita"
"1233","Simran",1,"simran"
"1234","Siobhain",1,"siobhain"
"1235","Siobhán",1,"siobhán"
"1236","Siân",1,"siân"
"1237","Smita",1,"smita"
"1238","Sojan",1,"sojan"
"1239","Somon",1,"somon"
"1240","Sonya",1,"sonya"
"1241","Sorcha-Lucy",1,"sorcha-lucy"
"1242","Spencer",1,"spencer"
"1243","Stacy",1,"stacy"
"1244","Stan",1,"stan"
"1245","Stanley",1,"stanley"
"1246","Stefanie",1,"stefanie"
"1247","Steffan",1,"steffan"
"1248","Steph",1,"steph"
"1249","Stephani",1,"stephani"
"1250","Stevan",1,"stevan"
"1251","Steward",1,"steward"
"1252","Suella",1,"suella"
"1253","Sukhinder",1,"sukhinder"
"1254","Suneil",1,"suneil"
"1255","Sureena",1,"sureena"
"1256","Surjit",1,"surjit"
"1257","Sushil",1,"sushil"
"1258","Sushila",1,"sushila"
"1259","Syeda",1,"syeda"
"1260","Sylvia",1,"sylvia"
"1261","Séamas",1,"séamas"
"1262","Tad",1,"tad"
"1263","Taghrid",1,"taghrid"
"1264","Taiwo",1,"taiwo"
"1265","Talat",1,"talat"
"1266","Talia",1,"talia"
"1267","Tam",1,"tam"
"1268","Tamas",1,"tamas"
"1269","Tan",1,"tan"
"1270","Tania",1,"tania"
"1271","Tanushka",1,"tanushka"
"1272","Tanya",1,"tanya"
"1273","Tara",1,"tara"
"1274","Tara-Jane",1,"tara-jane"
"1275","Tarek",1,"tarek"
"1276","Tarik",1,"tarik"
"1277","Tariq",1,"tariq"
"1278","Tarun",1,"tarun"
"1279","Tasos",1,"tasos"
"1280","Taukir",1,"taukir"
"1281","Tauqeer",1,"tauqeer"
"1282","Tayab",1,"tayab"
"1283","Te",1,"te"
"1284","Teck",1,"teck"
"1285","Ted",1,"ted"
"1286","Thalia",1,"thalia"
"1287","Thangam",1,"thangam"
"1288","Thea",1,"thea"
"1289","Theodore",1,"theodore"
"1290","Theresa",1,"theresa"
"1291","Thirza",1,"thirza"
"1292","Thom",1,"thom"
"1293","Tiger",1,"tiger"
"1294","Tilly",1,"tilly"
"1295","Tina",1,"tina"
"1296","Titus",1,"titus"
"1297","Tobias",1,"tobias"
"1298","Tobie",1,"tobie"
"1299","Todd",1,"todd"
"1300","Tonia",1,"tonia"
"1301","Toqueer",1,"toqueer"
"1302","Tor",1,"tor"
"1303","Torcuil",1,"torcuil"
"1304","Torsten",1,"torsten"
"1305","Tosh",1,"tosh"
"1306","Tristram",1,"tristram"
"1307","Tulip",1,"tulip"
"1308","Uday",1,"uday"
"1309","Udo",1,"udo"
"1310","Ukonu",1,"ukonu"
"1311","Ulysse",1,"ulysse"
"1312","Uma",1,"uma"
"1313","Umair",1,"umair"
"1314","Umar",1,"umar"
"1315","Una",1,"una"
"1316","Vaz",1,"vaz"
"1317","Veronica",1,"veronica"
"1318","Vikki",1,"vikki"
"1319","Vinay",1,"vinay"
"1320","Vinayak",1,"vinayak"
"1321","Vipul",1,"vipul"
"1322","Virginia",1,"virginia"
"1323","Vivek",1,"vivek"
"1324","Vivien",1,"vivien"
"1325","Vivienne",1,"vivienne"
"1326","Vix",1,"vix"
"1327","Vusi",1,"vusi"
"1328","Wael",1,"wael"
"1329","Waheed",1,"waheed"
"1330","Wais",1,"wais"
"1331","Wajad",1,"wajad"
"1332","Wajahat",1,"wajahat"
"1333","Warinder",1,"warinder"
"1334","Waseem",1,"waseem"
"1335","Wera",1,"wera"
"1336","Wes",1,"wes"
"1337","Wil",1,"wil"
"1338","Wing",1,"wing"
"1339","Wisdom",1,"wisdom"
"1340","Yas",1,"yas"
"1341","Yasin",1,"yasin"
"1342","Yemi",1,"yemi"
"1343","Yoel",1,"yoel"
"1344","Yolande",1,"yolande"
"1345","Yousaff",1,"yousaff"
"1346","Yousef",1,"yousef"
"1347","Yousuf",1,"yousuf"
"1348","Yuan",1,"yuan"
"1349","Yvette",1,"yvette"
"1350","Zack",1,"zack"
"1351","Zaf",1,"zaf"
"1352","Zaffar",1,"zaffar"
"1353","Zafran",1,"zafran"
"1354","Zaid",1,"zaid"
"1355","Zain",1,"zain"
"1356","Zak",1,"zak"
"1357","Zara",1,"zara"
"1358","Zarah",1,"zarah"
"1359","Zarmeena",1,"zarmeena"
"1360","Zbigniew",1,"zbigniew"
"1361","Zebunisa",1,"zebunisa"
"1362","Zen",1,"zen"
"1363","Zephyr",1,"zephyr"
"1364","Zhafaran",1,"zhafaran"
"1365","Zia",1,"zia"
"1366","Zohaib",1,"zohaib"
"1367","Zoran",1,"zoran"
"1368","Zoë",1,"zoë"
"1369","Zubir",1,"zubir"
"1370","Zuffar",1,"zuffar"
"1371","Zulfikar",1,"zulfikar"
"1372","Zöe",1,"zöe"
"1373","Áine",1,"áine"
"1374","Órfhlaith",1,"órfhlaith"
