"first_name","n"
"David",104
"John",89
"Paul",79
"Chris",72
"James",69
"Mark",67
"Andrew",65
"Richard",56
"Michael",49
"Ian",44
"Sarah",43
"Stephen",43
"Steve",42
"Peter",41
"Simon",38
"Robert",37
"Tom",35
"Alex",30
"Ben",30
"Jonathan",30
"Andy",26
"Helen",26
"Sam",26
"Matthew",25
"Mike",25
"Martin",24
"Neil",23
"Tony",23
"Catherine",22
"Dan",22
"Daniel",22
"Lee",22
"Christopher",21
"Jack",21
"Matt",21
"Nick",21
"Tim",21
"Adam",20
"Rachel",20
"Graham",19
"Alan",18
"Craig",18
"Emma",18
"Luke",18
"Claire",17
"Edward",17
"Gary",17
"Nigel",17
"Caroline",16
"Gareth",16
"Joe",16
"Kate",16
"Darren",15
"Laura",15
"Rebecca",15
"Scott",15
"Stuart",15
"Thomas",15
"Lucy",14
"Oliver",14
"Rob",14
"Amanda",13
"Bill",13
"Jane",13
"Jason",13
"Kevin",13
"Nicholas",13
"Anna",12
"Dave",12
"George",12
"Hannah",12
"Jim",12
"Josh",12
"Julie",12
"Keith",12
"Mohammed",12
"Ruth",12
"Sean",12
"Barry",11
"Elizabeth",11
"Jamie",11
"Jeremy",11
"Jo",11
"Julian",11
"Louise",11
"Niko",11
"Brian",10
"Charles",10
"Colin",10
"Danny",10
"Karen",10
"Philip",10
"Ryan",10
"Alexander",9
"Alison",9
"Angela",9
"Anne",9
"Anthony",9
"Bob",9
"Charlie",9
"Ed",9
"Guy",9
"Henry",9
"Jennifer",9
"Liz",9
"Maria",9
"Pete",9
"Phil",9
"Roger",9
"Will",9
"William",9
"Emily",8
"Joanna",8
"Jon",8
"Liam",8
"Lisa",8
"Patrick",8
"Robin",8
"Ross",8
"Sally",8
"Shaun",8
"Stewart",8
"Trevor",8
"Alastair",7
"Ashley",7
"Charlotte",7
"Christine",7
"Clare",7
"Debbie",7
"Dominic",7
"Frank",7
"Gavin",7
"Iain",7
"Jacob",7
"Jake",7
"Jeff",7
"Julia",7
"Karl",7
"Malcolm",7
"Mary",7
"Steven",7
"Susan",7
"Adrian",6
"Ann",6
"Damian",6
"Jan",6
"Joshua",6
"Khalid",6
"Kieran",6
"Kim",6
"Lauren",6
"Marcus",6
"Pippa",6
"Ray",6
"Rosie",6
"Vicky",6
"Victoria",6
"Wendy",6
"Alistair",5
"Ash",5
"Callum",5
"Carl",5
"Cat",5
"Clive",5
"Declan",5
"Diana",5
"Donald",5
"Duncan",5
"Elaine",5
"Fiona",5
"Gordon",5
"Grant",5
"Greg",5
"Hamish",5
"Harry",5
"Jessica",5
"Katherine",5
"Katie",5
"Lesley",5
"Lewis",5
"Linda",5
"Lorraine",5
"Lynn",5
"Martyn",5
"Maureen",5
"Max",5
"Mel",5
"Melanie",5
"Natalie",5
"Owen",5
"Pat",5
"Samuel",5
"Tommy",5
"Alec",4
"Alexandra",4
"Ali",4
"Amy",4
"Andrea",4
"Becca",4
"Benjamin",4
"Brandon",4
"Brendan",4
"Cameron",4
"Carol",4
"Connor",4
"Dawn",4
"Denise",4
"Derek",4
"Ellie",4
"Geoff",4
"Gill",4
"Gillian",4
"Graeme",4
"Gregory",4
"Heather",4
"Hilary",4
"Jayne",4
"Jess",4
"Jill",4
"Joseph",4
"Kelly",4
"Kerry",4
"Lorna",4
"Marc",4
"Michelle",4
"Pamela",4
"Patricia",4
"Raj",4
"Samantha",4
"Sandra",4
"Sara",4
"Sophie",4
"Sue",4
"Terence",4
"Teresa",4
"Toby",4
"Vanessa",4
"Yvonne",4
"Abdul",3
"Alice",3
"Allan",3
"Amelia",3
"Angie",3
"Arnold",3
"Bernard",3
"Bradley",3
"Bridget",3
"Carla",3
"Christian",3
"Christina",3
"Don",3
"Donna",3
"Douglas",3
"Dylan",3
"Eddie",3
"Euan",3
"Frances",3
"Freddie",3
"Garry",3
"Georgie",3
"Glen",3
"Helena",3
"Holly",3
"Imran",3
"Jackie",3
"Jade",3
"Janet",3
"Janice",3
"Jay",3
"Jenny",3
"Johnny",3
"Joy",3
"Justin",3
"Katharine",3
"Keir",3
"Kenneth",3
"Kirsty",3
"Lara",3
"Laurence",3
"Leigh",3
"Leo",3
"Margaret",3
"Marie",3
"Maxine",3
"Meg",3
"Mick",3
"Muhammad",3
"Nadia",3
"Nancy",3
"Natasha",3
"Nathan",3
"Naz",3
"Niall",3
"Nicola",3
"Noel",3
"Pauline",3
"Rachael",3
"Robbie",3
"Rowan",3
"Rupert",3
"Stefan",3
"Stephanie",3
"Sunny",3
"Tahir",3
"Terry",3
"Timothy",3
"Vicki",3
"Yasmin",3
"Aaron",2
"Adnan",2
"Aftab",2
"Aisha",2
"Alix",2
"Amin",2
"Amir",2
"Anand",2
"Angus",2
"Anita",2
"Anne-Marie",2
"Anneliese",2
"Annie",2
"Antonio",2
"Antony",2
"Arthur",2
"Ashton",2
"Asif",2
"Becky",2
"Bev",2
"Billy",2
"Bobby",2
"Brent",2
"Brett",2
"Caitlin",2
"Cara",2
"Carolyn",2
"Catrin",2
"Celia",2
"Chandra",2
"Christie",2
"Conor",2
"Conrad",2
"Damien",2
"Danielle",2
"Darryl",2
"Dean",2
"Deborah",2
"Deirdre",2
"Desmond",2
"Diane",2
"Doug",2
"Drew",2
"Earl",2
"Edmund",2
"Edwin",2
"Eleanor",2
"Elliot",2
"Elwyn",2
"Eric",2
"Erin",2
"Esther",2
"Ethan",2
"Eva",2
"Eóin",2
"Fay",2
"Felix",2
"Fionna",2
"Francis",2
"Fraser",2
"Gemma",2
"Geoffrey",2
"Georgia",2
"Georgina",2
"Gerald",2
"Gerry",2
"Gina",2
"Gita",2
"Glenn",2
"Gloria",2
"Golam",2
"Grahame",2
"Hal",2
"Hanif",2
"Harriet",2
"Hazel",2
"Howard",2
"Hugo",2
"Imogen",2
"Irene",2
"Iris",2
"Isobel",2
"Izzy",2
"Jacqueline",2
"Jai",2
"Jas",2
"Jean",2
"Jemma",2
"Jen",2
"Joel",2
"Jordan",2
"Judith",2
"Judy",2
"June",2
"Kathleen",2
"Kathryn",2
"Kay",2
"Kayleigh",2
"Ken",2
"Kenny",2
"Khalil",2
"Kiera",2
"Kieron",2
"Kris",2
"Kyle",2
"Lawrence",2
"Leanne",2
"Leon",2
"Les",2
"Lindsay",2
"Lizzie",2
"Lois",2
"Louie",2
"Lyn",2
"Lynda",2
"Mad",2
"Maggie",2
"Mags",2
"Marianne",2
"Mathew",2
"Maya",2
"Mohamed",2
"Mohammad",2
"Mona",2
"Monica",2
"Morag",2
"Muhammed",2
"Naveed",2
"Nic",2
"Nikki",2
"Norman",2
"Olivia",2
"Olly",2
"Oscar",2
"Paula",2
"Penelope",2
"Penny",2
"Phillip",2
"Phoebe",2
"Qasim",2
"Raymond",2
"Reggie",2
"Rhys",2
"Rich",2
"Rod",2
"Ron",2
"Rowena",2
"Roy",2
"Russ",2
"Sadik",2
"Sammy",2
"Sasha",2
"Seamus",2
"Sebastian",2
"Shane",2
"Sharon",2
"Sheila",2
"Shona",2
"Siobhan",2
"Sonia",2
"Sophia",2
"Stella",2
"Suzanne",2
"Syed",2
"Tessa",2
"Theo",2
"Thérèse",2
"Tomos",2
"Toni",2
"Tracey",2
"Tracy",2
"Tristan",2
"Valerie",2
"Victor",2
"Vikas",2
"Waqas",2
"Wayne",2
"Wesley",2
"Zahid",2
"Zoe",2
"A.",1
"A.N.ON",1
"AI",1
"Aadil",1
"Aarti",1
"Aasha",1
"Aasiya",1
"Abbas",1
"Abdoul",1
"Abdulla",1
"Abena",1
"Abi",1
"Abigail",1
"Abtisam",1
"Abul",1
"Ade",1
"Adedotun",1
"Adele",1
"Adie",1
"Adria",1
"Afzal",1
"Aheesha",1
"Ahmed",1
"Ahmet",1
"Ahsan",1
"Aidan",1
"Aishat",1
"Ajaz",1
"Ajmal",1
"Akeel",1
"Akhlaque",1
"Akhmed",1
"Akshay",1
"Al",1
"Alasdair",1
"Albati",1
"Alberto",1
"Aled",1
"Alexi",1
"Alfred",1
"AliRom",1
"Alicia",1
"Alixandra",1
"Allison",1
"Allister",1
"Altaf",1
"Alun",1
"Alyn",1
"Ameet",1
"Amer",1
"Amie",1
"Amjad",1
"Ammar",1
"Ammi",1
"Amrit",1
"Andre",1
"Andrei",1
"Ange",1
"Angeliki",1
"Ani",1
"Anil",1
"Anja",1
"Anna-Maria",1
"Annaliese",1
"Annette",1
"Anni",1
"Antoinette",1
"Antonia",1
"Anum",1
"Anwarul",1
"Aphra",1
"April",1
"Apsana",1
"Archibald",1
"Arnie",1
"Aroma",1
"Arran",1
"Arron",1
"Aruhan",1
"Asa",1
"Asha",1
"Ashvir",1
"Athar",1
"Athol",1
"Atif",1
"Attic",1
"Attiq",1
"Aubrey",1
"Audel",1
"Augustine",1
"Austin",1
"Ayesha",1
"Ayoub",1
"Aysha",1
"Azhar",1
"Azmat",1
"Babar",1
"Baggy",1
"Bambos",1
"Barbara",1
"Barmy",1
"Barney",1
"Baron",1
"Bart",1
"Bastôn",1
"Bayo",1
"Baz",1
"Beatrice",1
"Beccy",1
"Bell",1
"Bella",1
"Benedict",1
"Benet",1
"Bernadette",1
"Beth",1
"Bex",1
"Bharatkumar",1
"Bianca",1
"Bim",1
"Binka",1
"Blair",1
"Blaise",1
"Blake",1
"Brad",1
"Brenda",1
"Brenden",1
"Bret",1
"Brook",1
"Bruce",1
"Byron",1
"Cade",1
"Cadewyn",1
"Cahal",1
"Caitriona",1
"Calum",1
"Calvin",1
"Cam",1
"Candice",1
"Carissma",1
"Carline",1
"Carlo",1
"Carne",1
"Carolyne",1
"Carolynn",1
"Caron",1
"Cas",1
"Cassi",1
"Cassie",1
"Cate",1
"Cath",1
"Cathal",1
"Cathy",1
"Caz",1
"Chan",1
"Chantal",1
"Charith",1
"Charley",1
"Charmaine",1
"Chas",1
"Chaz",1
"Chelsea",1
"Chelsey",1
"Cheney",1
"Cherilyn",1
"Cheryl",1
"Cheryl-Ann",1
"Chi",1
"Chika",1
"Chipiliro",1
"Chloe",1
"Chloe-Jane",1
"Chloe-Louise",1
"Chrishni",1
"Ciaran",1
"Citizen",1
"Clareine",1
"Claudia",1
"Clayton",1
"Cliff",1
"Cole",1
"Colette",1
"Collan",1
"Colum",1
"Cordelia",1
"Corinthia",1
"Corri",1
"Count",1
"Cris",1
"Crispian",1
"Dafydd",1
"Dai",1
"Daisy",1
"Dale",1
"Damola",1
"Damon",1
"Danni",1
"Danuta",1
"Darshan",1
"Daud",1
"Davinder",1
"Dawud",1
"Deanna",1
"Debojyoti",1
"Debra",1
"Dee",1
"Deidre",1
"Denis",1
"Dennis",1
"Des",1
"Desi",1
"Devenne",1
"Devina",1
"Dharmanand",1
"Dhruv",1
"Dhruva",1
"Dick",1
"Dickie",1
"Dillan",1
"Dine",1
"Dino",1
"Dionne",1
"Dipesh",1
"Dom",1
"Dominick",1
"Dominie",1
"Donal",1
"Donnie",1
"Draeyk",1
"Drummond",1
"Dáire",1
"Déirdre",1
"Ehtashamul",1
"Eishar",1
"Ejel",1
"Ekua",1
"Ellen",1
"Elliott",1
"Ellis",1
"Elsie",1
"Emma-Jane",1
"Emmett",1
"Emmie",1
"Emperor",1
"Eraj",1
"Erik",1
"Ertan",1
"Ese",1
"Esme",1
"Eugene",1
"Eunice",1
"Evelyn",1
"Ewan",1
"Ezechiel",1
"Fabian",1
"Fabio",1
"Faisal",1
"Faiza",1
"Faraz",1
"Farooq",1
"Farzana",1
"Faten",1
"Faye",1
"Felicity",1
"Fennie",1
"Fergal",1
"Feryal",1
"Fesl",1
"Filson",1
"Fleur",1
"Flick",1
"Flo",1
"Florence",1
"Francesca",1
"Franck",1
"Francoise",1
"Fred",1
"Frederick",1
"Freya",1
"Gabrielle",1
"Gagan",1
"Gail",1
"Garreth",1
"Gayathri",1
"Ged",1
"Gemma-Jane",1
"Gen",1
"Geraldine",1
"Gerard",1
"Gerri",1
"Gez",1
"Ghazi",1
"Giane",1
"Gideon",1
"Giles",1
"Giovanna",1
"Giuseppe",1
"Glyn",1
"Gregor",1
"Grumpus",1
"Gulvinder",1
"Gurinder",1
"Gurpreet",1
"Gus",1
"Gwen",1
"Gwenton",1
"Gwyn",1
"Habib",1
"Hajira",1
"Halima",1
"Hamilton",1
"Hanna",1
"Hans",1
"Harbant",1
"Hari",1
"Harl",1
"Haroun",1
"Harpreet",1
"Harriett",1
"Harrison",1
"Hassan",1
"Hayley",1
"Heidi",1
"Heiko",1
"Helmi",1
"Hema",1
"Hersh",1
"Hillary",1
"Hina",1
"Holly-Mae",1
"Hoo-Ray",1
"Horatio",1
"Howling",1
"Hoz",1
"Huge",1
"Iconic",1
"Iddrisu",1
"Ieuan",1
"Iftikhar",1
"Imad",1
"Imtiaz",1
"Ioan",1
"Iolo",1
"Iqbal",1
"Irakli",1
"Irenea",1
"Irfan",1
"Irwen",1
"Isaac",1
"Isabel",1
"Isabella",1
"Isabelle",1
"Ishtiaq",1
"Issan",1
"Issy",1
"Ivan",1
"Ivana",1
"Jabu",1
"Jackson",1
"Jacqui",1
"Jag",1
"Jaginder",1
"Jahir",1
"Jamal",1
"Jamie-Lee",1
"Jamila",1
"Janey",1
"Janus",1
"Jaswinder",1
"Javed",1
"Javeria",1
"Jeannine",1
"Jed",1
"Jeevun",1
"Jeffrey",1
"Jehad",1
"Jenifer",1
"Jenner",1
"Jerome",1
"Jerry",1
"Jesse",1
"Jessie",1
"Jilleane",1
"Joan",1
"Joani",1
"Joanne",1
"Job",1
"Jodie",1
"Jody",1
"Johanna",1
"Johnathan",1
"Johno",1
"Jonathon",1
"Jonny",1
"Josiah",1
"Josie",1
"Jovan",1
"Ju",1
"Juliet",1
"Justine",1
"Kabeer",1
"Kaine",1
"Kamala",1
"Kamel",1
"Kamla",1
"Kamran",1
"Kane",1
"Kanishka",1
"Karin",1
"Kashif",1
"Kathrine",1
"Kathy",1
"Katrina",1
"Katy",1
"Kayode",1
"Kaz",1
"Kefentse",1
"Keiron",1
"Kelda",1
"Kellie-Jay",1
"Kelvin",1
"Kemi",1
"Ketankumar",1
"Kevan",1
"Khalila",1
"Khandu",1
"Khobi",1
"Kieren",1
"King",1
"Kiran",1
"Kirith",1
"Kirsteen",1
"Kirsten",1
"Kit",1
"Knigel",1
"Kombat",1
"Korin",1
"Kristy",1
"Kuldev",1
"Kulsum",1
"Kwaku",1
"Kyn",1
"Lady",1
"Lalit",1
"Lance",1
"Larry",1
"Lars",1
"Laura-Beth",1
"Laura-Louise",1
"Laurent",1
"Laurie",1
"Layla",1
"Leena",1
"Leila",1
"Lenny",1
"Leslie",1
"Lester",1
"Lex",1
"Leyla",1
"Leza",1
"Lia",1
"Lilian",1
"Lillian",1
"Lincoln",1
"Linsey",1
"Lionel",1
"Lizzi",1
"Llinos",1
"Lloyd",1
"Lola",1
"Lorenzo",1
"Louis",1
"Lucas",1
"Lucian",1
"Luigi",1
"Lynden",1
"Lynne",1
"Maahwish",1
"Maciej",1
"Maddison",1
"Magdaline",1
"Mahtab",1
"Mal",1
"Malachy",1
"Malihah",1
"Mamun",1
"Manda",1
"Mandy",1
"Manny",1
"Manu",1
"Manuela",1
"Maqsood",1
"Marco",1
"Marian",1
"Marianna",1
"Mariatu",1
"Marie-Clair",1
"Marilyn",1
"Marion",1
"Marisa",1
"Markus",1
"Marsha",1
"Martha",1
"Maryse",1
"Mattie",1
"Matty",1
"Maurice",1
"Maxwell",1
"Mayuran",1
"Mehmood",1
"Mehmoona",1
"Mehreen",1
"Merv",1
"Mhairi",1
"Mian",1
"Miatta",1
"Michal",1
"Miles",1
"Mims",1
"Minhajul",1
"Miranda",1
"Miriam",1
"Mitchell",1
"Mocky",1
"Mohhamed",1
"Moira",1
"Momtaz",1
"Moni",1
"Monty",1
"Morgan",1
"Morven",1
"Moui-Tabrizy",1
"Munira",1
"Muryam",1
"Mustafa",1
"Mustaque",1
"Muzafar",1
"Mykel",1
"Myles",1
"Nada",1
"Nagarjun",1
"Nagbea",1
"Nagender",1
"Nahim",1
"Najmul",1
"Nanda",1
"Nandita",1
"Naomi",1
"Naranee",1
"Nariese",1
"Narinder",1
"Nasri",1
"Natalia",1
"Nataly",1
"Nathalie",1
"Naushabah",1
"Navdeep",1
"Navendu",1
"Navid",1
"Neale",1
"Neena",1
"Neill",1
"Nesil",1
"Netty",1
"Neville",1
"Nia",1
"Niamh",1
"Nicky",1
"Nida",1
"Niel",1
"Nimal",1
"Nisar",1
"Nizam",1
"Noah",1
"Noor",1
"Nora",1
"Nuala",1
"Nupur",1
"Nurul",1
"Nus",1
"Oana",1
"Obi",1
"Olivio",1
"Olli",1
"Ollie",1
"Olusola",1
"Omar",1
"Onike",1
"Osman",1
"Otto",1
"Owain",1
"Owais",1
"Oyebola",1
"Paco",1
"Padraic",1
"Pallavi",1
"Pam",1
"Paras",1
"Parham",1
"Parmjit",1
"Paulette",1
"Pavitar",1
"Pedro",1
"Peggy",1
"Pelé",1
"Perran",1
"Perveen",1
"Petra",1
"Philippa",1
"Pierce",1
"Piers",1
"Pinder",1
"Polly",1
"Poppy",1
"Prabhdeep",1
"Prad",1
"Praful",1
"Preet",1
"Primesh",1
"Priti",1
"Priyank",1
"Psychobilly",1
"Qazi",1
"RJ",1
"Rabina",1
"Rahoul",1
"Raja",1
"Rajesh",1
"Rajiv",1
"Ralph",1
"Ranil",1
"Ravaldeep",1
"Ravi",1
"Rayyan",1
"Reetendra",1
"Reginald",1
"Rehiana",1
"Rehman",1
"Reva",1
"Reza",1
"Rhea",1
"Rhiannon",1
"Rhodri",1
"Ria",1
"Riad",1
"Rio",1
"Rishi",1
"Rizvi",1
"Rizwana",1
"Roberto",1
"Robyn",1
"Rochelle",1
"Roderick",1
"Rodney",1
"Roh",1
"Roisin",1
"Ronnie",1
"Rory",1
"Rosalind",1
"Rosalinda",1
"Rose",1
"Rosemary",1
"Rosena",1
"Rosey",1
"Rowland",1
"Roxanne",1
"Roz",1
"Ruairi",1
"Ruby",1
"Rufia",1
"Rumi",1
"Rupa",1
"Ruraidh",1
"Rushanara",1
"Ryk",1
"Ráichéal",1
"Saba",1
"Sabah",1
"Sabeena",1
"Sabi",1
"Sabira",1
"Sadat",1
"Saiham",1
"Saj",1
"Sally-Ann",1
"Sameera",1
"Samia",1
"Samsuzzaman",1
"Sandesh",1
"Sandy",1
"Sangeet",1
"Sanjana",1
"Saqib",1
"Sarajulhaq",1
"Sasjkia",1
"Saskia",1
"Satbir",1
"Sathish",1
"Satvir",1
"Sayeed",1
"Scarlett",1
"Seema",1
"Selaine",1
"Senthil",1
"Seonaid",1
"Serena",1
"Seyi",1
"Shabana",1
"Shafaei",1
"Shafat",1
"Shaffaq",1
"Shaghofta",1
"Shailesh",1
"Shakeel",1
"Shakeela",1
"Shakir",1
"Sham",1
"Shama",1
"Shan",1
"Shanaz",1
"Shanell",1
"Shangara",1
"Shannon",1
"Sharifah",1
"Sharmen",1
"Shasha",1
"Shaukat",1
"Shaz",1
"Shazna",1
"Shazu",1
"Sheikh",1
"Sheridan",1
"Sherief",1
"Sherrie",1
"Sheryll",1
"Shesh",1
"Shivani",1
"Shockat",1
"Shâo-Lan",1
"Si",1
"Sian",1
"Sid",1
"Sidney",1
"Signe",1
"Simita",1
"Simran",1
"Siobhain",1
"Siobhán",1
"Siân",1
"Smita",1
"Sojan",1
"Somon",1
"Sonya",1
"Sorcha-Lucy",1
"Spencer",1
"Stacy",1
"Stan",1
"Stanley",1
"Stefanie",1
"Steffan",1
"Steph",1
"Stephani",1
"Stevan",1
"Steward",1
"Suella",1
"Sukhinder",1
"Suneil",1
"Sureena",1
"Surjit",1
"Sushil",1
"Sushila",1
"Syeda",1
"Sylvia",1
"Séamas",1
"Tad",1
"Taghrid",1
"Taiwo",1
"Talat",1
"Talia",1
"Tam",1
"Tamas",1
"Tan",1
"Tania",1
"Tanushka",1
"Tanya",1
"Tara",1
"Tara-Jane",1
"Tarek",1
"Tarik",1
"Tariq",1
"Tarun",1
"Tasos",1
"Taukir",1
"Tauqeer",1
"Tayab",1
"Te",1
"Teck",1
"Ted",1
"Thalia",1
"Thangam",1
"Thea",1
"Theodore",1
"Theresa",1
"Thirza",1
"Thom",1
"Tiger",1
"Tilly",1
"Tina",1
"Titus",1
"Tobias",1
"Tobie",1
"Todd",1
"Tonia",1
"Toqueer",1
"Tor",1
"Torcuil",1
"Torsten",1
"Tosh",1
"Tristram",1
"Tulip",1
"Uday",1
"Udo",1
"Ukonu",1
"Ulysse",1
"Uma",1
"Umair",1
"Umar",1
"Una",1
"Vaz",1
"Veronica",1
"Vikki",1
"Vinay",1
"Vinayak",1
"Vipul",1
"Virginia",1
"Vivek",1
"Vivien",1
"Vivienne",1
"Vix",1
"Vusi",1
"Wael",1
"Waheed",1
"Wais",1
"Wajad",1
"Wajahat",1
"Warinder",1
"Waseem",1
"Wera",1
"Wes",1
"Wil",1
"Wing",1
"Wisdom",1
"Yas",1
"Yasin",1
"Yemi",1
"Yoel",1
"Yolande",1
"Yousaff",1
"Yousef",1
"Yousuf",1
"Yuan",1
"Yvette",1
"Zack",1
"Zaf",1
"Zaffar",1
"Zafran",1
"Zaid",1
"Zain",1
"Zak",1
"Zara",1
"Zarah",1
"Zarmeena",1
"Zbigniew",1
"Zebunisa",1
"Zen",1
"Zephyr",1
"Zhafaran",1
"Zia",1
"Zohaib",1
"Zoran",1
"Zoë",1
"Zubir",1
"Zuffar",1
"Zulfikar",1
"Zöe",1
"Áine",1
"Órfhlaith",1
